Gene,Alteration
EGFR,E709_T710delinsD
EGFR,Exon 19 insertion
EGFR,Exon 19 deletion
EGFR,G719S
EGFR,T790M
EGFR,G719D
EGFR,G719A
EGFR,A750P
EGFR,E709K
EGFR,S768I
EGFR,L861R
EGFR,Exon 20 insertion
EGFR,L861Q
EGFR,L858R
EGFR,A763_Y764insFQEA
EGFR,Exon 19 deletion/insertion
EGFR,EGFR-KDD
EGFR,L747P
EGFR,L833V
EGFR,G719C
ROS1,D2033N
ROS1,Fusions
CDK4,Amplification
CDKN2A,Oncogenic Mutations
ERBB2,V659E
ERBB2,Exon 20 insertions/deletions
ERBB2,Oncogenic Mutations
ERBB2,Amplification
ERBB2,Exon 20 insertions
ERCC2,Oncogenic Mutations
ABL1,BCR-ABL1 Fusion
PDGFRA,C450_K451insMIEWMI
PDGFRA,A633T
PDGFRA,D842V
PDGFRA,V536E
PDGFRA,V544_L545insAVLVLLVIVIISLI
PDGFRA,FIP1L1-PDGFRA Fusion
PDGFRA,H650Q
PDGFRA,D846Y
PDGFRA,V658A
PDGFRA,C456_N468del
PDGFRA,560_561insER
PDGFRA,V561D
PDGFRA,C456_R481del
PDGFRA,H845Y
PDGFRA,N659K
PDGFRA,V469A
PDGFRA,W559_R560del
PDGFRA,D568N
PDGFRA,N659S
PDGFRA,Fusions
PDGFRA,P577S
PDGFRA,N659R
PDGFRA,Y375_K455del
PDGFRA,D842_M844del
PDGFRA,V561A
PDGFRA,D842I
PDGFRA,H845_N848delinsP
PDGFRA,N848K
PDGFRA,R841K
PDGFRA,S566_E571delinsR
PDGFRA,S584L
PDGFRA,R748G
PDGFRA,Y849C
PDGFRA,Y555C
PDGFRA,I843del
PDGFRA,V561_I562insER
PDGFRA,G853D
PDGFRA,D842_H845del
PDGFRA,Q579R
PDGFRA,E311_K312del
PDGFRA,Y849S
PDGFRB,Fusions
ESR1,D538G
ESR1,Oncogenic Mutations
ESR1,Y537S
TSC1,Oncogenic Mutations
TSC2,Oncogenic Mutations
MDM2,Amplification
EZH2,Oncogenic Mutations
MET,X1008_splice
MET,Amplification
MET,X1006_splice
MET,X963_splice
MET,D1010H
MET,D1010N
MET,X1007_splice
MET,981_1028splice
MET,X1009_splice
MET,963_D1010splice
MET,D1010Y
PIK3CA,Oncogenic Mutations
AKT1,E17K
FGFR1,BCR-FGFR1 Fusion
FGFR1,Amplification
FGFR3,K650M
FGFR3,S249C
FGFR3,K650T
FGFR3,Y373C
FGFR3,G380R
FGFR3,K650Q
FGFR3,R248C
FGFR3,Fusions
FGFR3,K650E
FGFR3,K650N
FGFR3,G370C
FGFR3,K650R
FGFR3,S371C
FGFR2,Fusions
ALK,Fusions
ALK,R1275Q
ALK,L1196M
ALK,L1196Q
ALK,Oncogenic Mutations
FLT3,FLT3 internal tandem duplications
IDH1,R132Q
IDH1,R132H
IDH1,R132S
IDH1,R132G
IDH1,R132C
IDH2,R172G
IDH2,R172M
IDH2,R172K
IDH2,R172S
IDH2,R140Q
ARAF,S214A
ARAF,S214C
MTOR,S2215F
MTOR,E2014K
MTOR,F1888L
MTOR,L2230V
MTOR,C1483F
MTOR,T1977K
ATM,N2875K
ATM,Truncating Mutations
MAP2K1,Oncogenic Mutations
PTCH1,Truncating Mutations
PTEN,Oncogenic Mutations
JAK2,PCM1-JAK2 Fusion
NF1,Oncogenic Mutations
BRCA1,Oncogenic Mutations
BRAF,V600K
BRAF,V600M
BRAF,V600E
BRAF,V600G
BRAF,V600D
BRAF,L597V
BRAF,V600R
BRAF,G469A
BRAF,K601E
BRAF,Fusions
BRAF,L597Q
BRAF,D594E
BRAF,D594N
BRAF,L597R
BRAF,KIAA1549-BRAF Fusion
BRAF,G466V
BRAF,G469V
BRAF,L597S
BRAF,G596C
BRCA2,Oncogenic Mutations
KIT,A502_Y503dup
KIT,V560del
KIT,W557_K558del
KIT,V555_L576del
KIT,Exon 11 mutations
KIT,M552_W557del
KIT,L576P
KIT,T417_D419delinsRG
KIT,N822Y
KIT,N822H
KIT,I653T
KIT,D820Y
KIT,Y553_K558del
KIT,I563_L576del
KIT,K550_W557del
KIT,V559A
KIT,H697Y
KIT,D816V
KIT,V530I
KIT,V555_V559del
KIT,D820E
KIT,Q556_K558del
KIT,W557G
KIT,Exon 9 mutations
KIT,E554_V559del
KIT,K642E
KIT,F522C
KIT,N505I
KIT,K558_E562del
KIT,D820G
KIT,D579del
KIT,V559G
KIT,V654A
KIT,P551_M552del
KIT,V569_L576del
KIT,E554_K558del
KIT,K558N
KIT,V560D
KIT,D820A
KIT,N822K
KIT,V559D
KIT,D419del
KIT,M541L
KIT,Y570H
KIT,D816Y
KIT,D816F
KIT,E554_I571del
KIT,P577_D579del
KIT,K558delinsNP
KIT,K558_V559del
KIT,Y553N
KIT,W557R
KIT,N822I
KIT,V559del
KIT,Y578C
KIT,V560G
KIT,P573_D579del
KIT,V559_V560del
KIT,P577_W582delinsPYD
KIT,N564_Y578del
KIT,V559C
KIT,T417_D419delinsI
KIT,T574insTQLPYD
KIT,P838L
KRAS,Wildtype
KRAS,Oncogenic Mutations
RAF1,S257L
NRAS,Oncogenic Mutations
NTRK1,Fusions
NTRK2,Fusions
NTRK3,Fusions
RET,Fusions
,
ALK,F1174L
CTNNB1,S37F
CTNNB1,S37Y
CTNNB1,S37C
CTNNB1,S45P
CTNNB1,S45F
DNMT3A,R882L
DNMT3A,R882H
DNMT3A,R882P
DNMT3A,R882G
DNMT3A,R882C
DNMT3A,R882S
ERBB2,G309A
ERBB2,R678Q
ERBB2,L755S
ERBB2,D769Y
ERBB2,D769H
ERBB2,A775_G776insYVMA
ERBB2,V777L
ERBB2,V842I
ERBB2,R896C
ERBB2,R896H
ESR1,Y537N
ESR1,Y537C
FLT3,I836L
FLT3,D835A
FLT3,D835Y
FLT3,D835H
FLT3,D835N
GNA11,Q209L
GNA11,Q209P
GNAQ,Q209L
GNAQ,Q209P
GNAQ,Q209R
IDH1,R132L
IDH2,R140L
JAK2,V617F
JAK2,R683G
JAK2,R683K
JAK2,R683T
JAK2,R683S
KIT,D816H
KRAS,G12D
KRAS,G13D
KRAS,G12V
KRAS,G12A
KRAS,G12C
KRAS,G12S
KRAS,G12R
MAP2K1,K57N
MAP2K1,D67N
NRAS,Q61H
NRAS,Q61L
NRAS,Q61R
NRAS,G12D
NRAS,Q61P
NRAS,Q61K
NRAS,Q61E
NRAS,G12A
NRAS,G12V
NRAS,G12R
NRAS,G12C
NRAS,G12S
PDGFRA,D842Y
PIK3CA,H1047R
PIK3CA,E542K
PIK3CA,H1047L
POLE,P286L
POLE,P286R
POLE,P286S
RET,C634W
RET,M918T
SMAD4,E330A
SMAD4,D351H
SMAD4,R361C
SMAD4,D537Y
SMO,W535L
TP53,R273C
TP53,R175H
TP53,R273H
TP53,R249T
TP53,R249W
TP53,R248Q
TP53,R248W
TP53,V173A
TP53,V173G
U2AF1,S34Y
U2AF1,S34F